{"cameraMode":{"drawMode":0,"name":"Shaded","section":"Shading Mode"},"sceneLighting":true,"audioPlay":false,"sceneViewState":{"m_AlwaysRefresh":false,"showFog":true,"showSkybox":true,"showFlares":true,"showImageEffects":true,"showParticleSystems":true,"showVisualEffectGraphs":true,"m_FxEnabled":true},"in2DMode":false,"pivot":{"x":385.2972717285156,"y":71.14599609375,"z":143.5604248046875},"rotation":{"x":-0.12894931435585023,"y":0.0020796223543584348,"z":-0.00027043544105254114,"w":-0.9916497468948364},"size":623.5451049804688,"orthographic":false}